-- Insert Customers
INSERT INTO customers (id, name, email) VALUES
('dcee1a3c-c23c-4558-b300-877eaa6681ec', 'Quincy Lopez', 'quincy.lopez@example.com'),
('ce8435af-d6cc-41c9-b01b-8e55bdd56f72', 'Ethan Anderson', 'ethan.anderson@example.com'),
('b47f21db-5254-4474-b6e7-f2c637a5bd88', 'Steve Moore', 'steve.moore@example.com'),
('1667b32e-2445-411f-a29e-8ff94a698745', 'Oscar Miller', 'oscar.miller@example.com'),
('20298bf9-dc78-48fc-ae71-80ddda09ee25', 'Michael Jackson', 'michael.jackson@example.com'),
('1f3974d4-a3a8-4dc8-98a2-d40af5d99932', 'Diana Davis', 'diana.davis@example.com'),
('8cc2593d-2531-47a7-b301-ab63f8a15982', 'Bob Lopez', 'bob.lopez@example.com'),
('10afcb57-6121-441d-be1a-a6dfa0180a21', 'Kevin Rodriguez', 'kevin.rodriguez@example.com'),
('d9eddb06-1ddd-4e7c-86a9-f86a10151038', 'Fiona Gonzalez', 'fiona.gonzalez@example.com'),
('88d7b810-1c2e-4f1c-8b79-9b8fc0af921c', 'Diana Johnson', 'diana.johnson@example.com'),
('8606ce87-3674-4c73-9719-4bb01074264a', 'Ethan Jackson', 'ethan.jackson@example.com'),
('c23721a4-8851-4491-b756-55dc7c5ceba6', 'George Wilson', 'george.wilson@example.com'),
('3f5b271a-186e-4f80-a5c5-d60a3885be57', 'Fiona Davis', 'fiona.davis@example.com'),
('4d7b1ea9-0c28-4560-917b-bf2da37e7a09', 'Rachel Jackson', 'rachel.jackson@example.com');

-- Insert Transactions
INSERT INTO transactions (id, customer_id, amount, date, description) VALUES
('7b2c4e20-060a-49ee-b064-30dba1d59469', 'dcee1a3c-c23c-4558-b300-877eaa6681ec', 750.35, '2024-02-15', 'Payment'),
('434ea288-58a7-41e3-a29c-d0fc7d6904d6', 'dcee1a3c-c23c-4558-b300-877eaa6681ec', -750.88, '2024-01-15', 'Salary'),
('b0dcc488-66ef-4bcb-a46a-7179ab45ad7a', 'dcee1a3c-c23c-4558-b300-877eaa6681ec', -481.43, '2024-01-06', 'Deposit'),
('e8a02df7-b9b6-422a-92d4-4a704df7ae89', 'dcee1a3c-c23c-4558-b300-877eaa6681ec', 865.09, '2024-01-26', 'Salary'),
('3e912413-79b4-47a8-9189-4fa2959bee09', 'dcee1a3c-c23c-4558-b300-877eaa6681ec', -937.05, '2024-02-06', 'Purchase'),
('a1d5f385-4852-458f-a581-fb601340f146', 'dcee1a3c-c23c-4558-b300-877eaa6681ec', 728.97, '2024-02-24', 'Transfer'),
('86cb477a-d0cb-4328-a8ae-9f4d623c337c', 'dcee1a3c-c23c-4558-b300-877eaa6681ec', -864.59, '2024-01-29', 'Transfer'),
('978063f7-0731-4104-a272-3a942985f8e1', 'dcee1a3c-c23c-4558-b300-877eaa6681ec', -180.38, '2024-01-19', 'Salary'),
('99bcd1ef-aa48-4069-8ceb-880133c6b396', 'dcee1a3c-c23c-4558-b300-877eaa6681ec', -865.11, '2024-01-16', 'Cashback'),
('144feae6-6a9e-4ae0-972e-6b7559bb892a', 'dcee1a3c-c23c-4558-b300-877eaa6681ec', -64.90, '2024-02-19', 'Payment'),
('cbac1025-3a80-4bb0-a2f9-3ec66c2fe5d8', 'dcee1a3c-c23c-4558-b300-877eaa6681ec', 206.59, '2024-02-25', 'Payment'),
('354eb122-751b-4379-a8aa-64c83d8a5ab4', 'dcee1a3c-c23c-4558-b300-877eaa6681ec', -778.36, '2024-01-07', 'Refund'),
('fdb40ef7-fdaf-4485-88e8-0f910ff415b0', 'dcee1a3c-c23c-4558-b300-877eaa6681ec', 588.73, '2024-02-09', 'Payment'),
('7f8774ca-b3b2-4505-b7fe-c1c60a604da7', 'dcee1a3c-c23c-4558-b300-877eaa6681ec', -55.99, '2024-02-27', 'Salary'),
('d60b5964-0983-4a2c-bae7-ec1013b76d62', 'dcee1a3c-c23c-4558-b300-877eaa6681ec', -312.94, '2024-02-22', 'Transfer'),
('60af7873-a798-4dca-9ae4-15c866356d83', 'dcee1a3c-c23c-4558-b300-877eaa6681ec', -837.50, '2024-01-13', 'Withdrawal'),
('868cc972-8646-4fbe-9362-6209c725969b', 'dcee1a3c-c23c-4558-b300-877eaa6681ec', -90.05, '2024-01-08', 'Purchase'),
('e75d6ac1-0bbd-48b7-850f-275975d90271', 'dcee1a3c-c23c-4558-b300-877eaa6681ec', 314.81, '2024-02-18', 'Cashback'),
('17615b81-7248-489a-9543-254ab6bd326b', 'dcee1a3c-c23c-4558-b300-877eaa6681ec', 250.12, '2024-01-27', 'Salary'),
('56652875-2c2d-4508-b571-1d3efe19493d', 'dcee1a3c-c23c-4558-b300-877eaa6681ec', -277.27, '2024-02-15', 'Deposit'),
('23c5c285-4580-4899-8bc0-66684f00e2ff', 'dcee1a3c-c23c-4558-b300-877eaa6681ec', -430.47, '2024-01-24', 'Withdrawal'),
('f00253be-8c43-47c2-bee9-15f98dec2cc8', 'dcee1a3c-c23c-4558-b300-877eaa6681ec', -995.23, '2024-01-02', 'Transfer'),
('4a72bd6d-0269-4264-a10d-f8b267a2e952', 'dcee1a3c-c23c-4558-b300-877eaa6681ec', 114.31, '2024-02-27', 'Transfer'),
('e40a5e7b-bfb1-4030-a021-5dff2ffae63b', 'dcee1a3c-c23c-4558-b300-877eaa6681ec', 975.64, '2024-02-25', 'Payment'),
('dc30acf3-82da-424b-a9f0-b95a90f821e1', 'dcee1a3c-c23c-4558-b300-877eaa6681ec', 384.04, '2024-01-29', 'Withdrawal'),
('08f8e1ee-fbe5-4e24-81b3-f7456fc39673', 'dcee1a3c-c23c-4558-b300-877eaa6681ec', -940.27, '2024-02-09', 'Refund'),
('8275ae1f-6926-42fc-847a-24dbfe3f95d5', 'dcee1a3c-c23c-4558-b300-877eaa6681ec', 458.03, '2024-02-24', 'Cashback'),
('b50b0737-536c-4fab-ac86-bf8558e1a2f4', 'dcee1a3c-c23c-4558-b300-877eaa6681ec', -778.60, '2024-01-05', 'Transfer'),
('0d0f457f-b8f6-4ab0-8012-1eae4f04904e', 'dcee1a3c-c23c-4558-b300-877eaa6681ec', -812.22, '2024-02-13', 'Salary'),
('b7e34bc2-3b71-4583-aaaa-81d8049056ac', 'dcee1a3c-c23c-4558-b300-877eaa6681ec', -793.50, '2024-02-15', 'Payment'),
('f8091032-f882-4a1e-baf6-891200aea815', 'dcee1a3c-c23c-4558-b300-877eaa6681ec', 577.91, '2024-02-09', 'Refund'),
('3a63f664-9684-4b42-85f3-0b618668f937', 'dcee1a3c-c23c-4558-b300-877eaa6681ec', 181.27, '2024-01-26', 'Refund'),
('fdc9969a-3fc7-4c63-a23c-af69657928e5', 'dcee1a3c-c23c-4558-b300-877eaa6681ec', -448.17, '2024-01-08', 'Refund'),
('c4aff4e9-acb1-457b-892c-e5071a52d7f4', 'ce8435af-d6cc-41c9-b01b-8e55bdd56f72', 592.90, '2024-02-22', 'Transfer'),
('4108ca59-0fab-4c11-a77f-f36888256fe7', 'ce8435af-d6cc-41c9-b01b-8e55bdd56f72', -463.81, '2024-02-09', 'Purchase'),
('c14b460e-1358-4825-96b3-774c0597c44f', 'ce8435af-d6cc-41c9-b01b-8e55bdd56f72', 448.37, '2024-02-20', 'Cashback'),
('5d599dc2-1533-45ae-9a3e-cc089e2159b8', 'ce8435af-d6cc-41c9-b01b-8e55bdd56f72', 39.70, '2024-01-15', 'Salary'),
('25753783-1b4e-412a-ba35-5df60f59afd4', 'ce8435af-d6cc-41c9-b01b-8e55bdd56f72', -885.27, '2024-02-24', 'Salary'),
('1e700411-adda-44b8-bd78-6c3a13429fae', 'ce8435af-d6cc-41c9-b01b-8e55bdd56f72', 463.71, '2024-02-20', 'Payment'),
('da66b3b1-ee19-4de0-9a27-a9287a975d05', 'ce8435af-d6cc-41c9-b01b-8e55bdd56f72', 520.86, '2024-01-25', 'Cashback'),
('88cbab4f-db83-4751-bdd8-4e5e954e4a00', 'ce8435af-d6cc-41c9-b01b-8e55bdd56f72', 268.40, '2024-02-22', 'Withdrawal'),
('e6f01cd0-f5ad-4820-9eac-c678373d5941', 'ce8435af-d6cc-41c9-b01b-8e55bdd56f72', -222.10, '2024-01-24', 'Cashback'),
('3a0b4e83-3a0c-4e87-9c33-78728ce5bd5e', 'ce8435af-d6cc-41c9-b01b-8e55bdd56f72', -63.73, '2024-01-06', 'Salary'),
('000bbcf2-6e9f-4f54-ad50-2c3bdce3d52d', 'ce8435af-d6cc-41c9-b01b-8e55bdd56f72', 881.50, '2024-02-22', 'Salary'),
('e6333457-1b56-4482-8478-eb3b15444a72', 'ce8435af-d6cc-41c9-b01b-8e55bdd56f72', 283.41, '2024-01-15', 'Refund'),
('bdeb07cb-0762-49c2-9e86-cb5cd308c2d1', 'ce8435af-d6cc-41c9-b01b-8e55bdd56f72', 322.98, '2024-02-04', 'Withdrawal'),
('9c9ed125-1ca3-4f6d-a222-aa8f933f723c', 'ce8435af-d6cc-41c9-b01b-8e55bdd56f72', 352.36, '2024-01-02', 'Withdrawal'),
('4fb9c6c9-d9a2-45d0-94f0-b07fc2e45a71', 'ce8435af-d6cc-41c9-b01b-8e55bdd56f72', -964.13, '2024-01-20', 'Payment'),
('cf55e1dc-d1c9-4eab-9675-b6a4174956aa', 'ce8435af-d6cc-41c9-b01b-8e55bdd56f72', 489.08, '2024-01-22', 'Purchase'),
('3d505a28-f064-4227-b940-c8de4ce8b5d2', 'ce8435af-d6cc-41c9-b01b-8e55bdd56f72', 950.60, '2024-02-26', 'Salary'),
('fe00afea-8f4c-4017-b636-b6f9cfc1b894', 'ce8435af-d6cc-41c9-b01b-8e55bdd56f72', 654.61, '2024-01-26', 'Payment'),
('8323c6e6-24f2-4b39-9745-5ddbf792cd24', 'ce8435af-d6cc-41c9-b01b-8e55bdd56f72', 117.05, '2024-01-23', 'Cashback'),
('5b0bc284-fadb-4d8e-8c91-4e752709fe81', 'ce8435af-d6cc-41c9-b01b-8e55bdd56f72', -453.87, '2024-02-21', 'Withdrawal'),
('4d719c82-c444-41fc-bf3d-7095ef0988e8', 'ce8435af-d6cc-41c9-b01b-8e55bdd56f72', 944.62, '2024-01-25', 'Cashback'),
('0cfc0974-faca-43c3-901f-7518ea994498', 'ce8435af-d6cc-41c9-b01b-8e55bdd56f72', -426.04, '2024-02-27', 'Refund'),
('5c554d75-ff5f-478c-9e12-67de52228d1d', 'ce8435af-d6cc-41c9-b01b-8e55bdd56f72', 729.55, '2024-01-06', 'Purchase'),
('44170b81-0386-49c6-ae75-da2420dde421', 'ce8435af-d6cc-41c9-b01b-8e55bdd56f72', 627.72, '2024-01-23', 'Payment'),
('c8cf3151-24cb-4dc9-b93f-ed2b9cb45e78', 'ce8435af-d6cc-41c9-b01b-8e55bdd56f72', 890.42, '2024-01-03', 'Cashback'),
('576d908f-1182-4670-b43f-38ccfc5b9d13', 'ce8435af-d6cc-41c9-b01b-8e55bdd56f72', -959.21, '2024-02-10', 'Cashback'),
('c7735174-2fa7-4f35-98ad-6b78b6dbb2e2', 'ce8435af-d6cc-41c9-b01b-8e55bdd56f72', 628.73, '2024-01-13', 'Refund'),
('9e4a5078-6349-4075-855f-61cdd04fd9dd', 'ce8435af-d6cc-41c9-b01b-8e55bdd56f72', 213.26, '2024-02-06', 'Transfer'),
('204a19bc-2614-4bf2-bb10-518fd770f631', 'ce8435af-d6cc-41c9-b01b-8e55bdd56f72', 430.38, '2024-01-16', 'Withdrawal'),
('25d54a82-4fc1-4868-a7b8-ef9b7cd377e3', 'ce8435af-d6cc-41c9-b01b-8e55bdd56f72', 160.63, '2024-02-05', 'Withdrawal'),
('a219ac12-b864-4e56-a37b-5251a15ee444', 'b47f21db-5254-4474-b6e7-f2c637a5bd88', -708.90, '2024-02-15', 'Salary'),
('09ba31a4-88f3-4b6f-9c53-adba0eafd438', 'b47f21db-5254-4474-b6e7-f2c637a5bd88', 298.50, '2024-02-28', 'Withdrawal'),
('671df18f-5a79-4fda-a29e-12ddfafb91cf', 'b47f21db-5254-4474-b6e7-f2c637a5bd88', -508.22, '2024-02-04', 'Cashback'),
('75e055b3-dcda-40dc-8236-129609bc1f81', 'b47f21db-5254-4474-b6e7-f2c637a5bd88', -764.52, '2024-01-25', 'Payment'),
('7cf0a658-941a-4303-b995-3e32c34cad2e', 'b47f21db-5254-4474-b6e7-f2c637a5bd88', 157.10, '2024-01-02', 'Deposit'),
('f9b2a0c1-dc1e-4d4c-a6af-c66b6a35313b', 'b47f21db-5254-4474-b6e7-f2c637a5bd88', 210.71, '2024-01-27', 'Withdrawal'),
('95f8ead4-2590-40a9-895f-597c2367b86e', 'b47f21db-5254-4474-b6e7-f2c637a5bd88', -391.24, '2024-02-15', 'Withdrawal'),
('40ca37e9-a46a-4e83-ab11-b8a0dafd0046', 'b47f21db-5254-4474-b6e7-f2c637a5bd88', 451.91, '2024-01-19', 'Transfer'),
('29dd5791-934a-4d94-8442-f9813ac3388f', 'b47f21db-5254-4474-b6e7-f2c637a5bd88', 631.37, '2024-02-13', 'Purchase'),
('91567942-87c2-4eca-96ff-df6053279c80', 'b47f21db-5254-4474-b6e7-f2c637a5bd88', 444.46, '2024-02-19', 'Withdrawal'),
('4d60c9af-8e07-4b6c-ba93-ebd7f815dabe', 'b47f21db-5254-4474-b6e7-f2c637a5bd88', 821.27, '2024-02-10', 'Cashback'),
('52d5347e-2d94-42da-a251-a63f7151bde3', 'b47f21db-5254-4474-b6e7-f2c637a5bd88', -392.40, '2024-01-21', 'Transfer'),
('0b2931e8-a5d6-455b-bb0c-ed195ebdfcf7', 'b47f21db-5254-4474-b6e7-f2c637a5bd88', 670.76, '2024-02-03', 'Purchase'),
('021c9599-fd29-47fa-8910-3db624c7a5b0', 'b47f21db-5254-4474-b6e7-f2c637a5bd88', -583.23, '2024-01-03', 'Refund'),
('b2f0bcd0-3bfe-4488-acb2-e240068a2c22', 'b47f21db-5254-4474-b6e7-f2c637a5bd88', -504.53, '2024-02-08', 'Refund'),
('d48a7725-71ae-4c15-b743-064bafbf048f', 'b47f21db-5254-4474-b6e7-f2c637a5bd88', -475.32, '2024-02-22', 'Salary'),
('5251d43e-071e-40a9-8447-5cd23fe8da85', 'b47f21db-5254-4474-b6e7-f2c637a5bd88', -889.09, '2024-02-02', 'Refund'),
('ed0c3ec9-8123-4915-8ab3-381cad337fd5', 'b47f21db-5254-4474-b6e7-f2c637a5bd88', 217.89, '2024-01-16', 'Transfer'),
('017e209b-5a1a-4ba8-80d3-668898c1b0c7', 'b47f21db-5254-4474-b6e7-f2c637a5bd88', -263.07, '2024-02-16', 'Deposit'),
('eeeba88a-dbe7-4991-bd73-324ef9b1a776', 'b47f21db-5254-4474-b6e7-f2c637a5bd88', -313.67, '2024-01-31', 'Refund'),
('d1d3186b-59fe-4ad2-9d56-aa3991bd7571', 'b47f21db-5254-4474-b6e7-f2c637a5bd88', 463.73, '2024-02-24', 'Refund'),
('8216255e-013a-47b5-b012-875921caf87b', 'b47f21db-5254-4474-b6e7-f2c637a5bd88', 64.56, '2024-01-24', 'Refund'),
('d4dbe218-7fea-44ec-b1df-cd467473dec3', 'b47f21db-5254-4474-b6e7-f2c637a5bd88', 344.46, '2024-01-23', 'Salary'),
('1f9832cd-1ab1-4f95-a435-1c0798222857', 'b47f21db-5254-4474-b6e7-f2c637a5bd88', 384.17, '2024-01-20', 'Cashback'),
('d5384f4b-d5a4-4d1c-9406-d65f8b004fc9', 'b47f21db-5254-4474-b6e7-f2c637a5bd88', -186.26, '2024-02-27', 'Payment'),
('330d13ef-5569-481b-aadf-e8882f6d2175', 'b47f21db-5254-4474-b6e7-f2c637a5bd88', -476.22, '2024-01-17', 'Salary'),
('69f141a2-ddc4-4ea3-aea6-0b07382daa41', 'b47f21db-5254-4474-b6e7-f2c637a5bd88', 236.82, '2024-02-05', 'Cashback'),
('f1acc8af-301b-493d-a6cb-5d70b437852b', 'b47f21db-5254-4474-b6e7-f2c637a5bd88', -147.14, '2024-01-26', 'Cashback'),
('c0dc6659-377c-4721-88ad-57c4224cb054', 'b47f21db-5254-4474-b6e7-f2c637a5bd88', -798.69, '2024-02-14', 'Refund'),
('59ce975e-13ae-46f8-99a6-3df849dcb792', 'b47f21db-5254-4474-b6e7-f2c637a5bd88', -289.83, '2024-01-11', 'Deposit'),
('6cc684d6-488b-45ce-b7d5-22cbba869006', 'b47f21db-5254-4474-b6e7-f2c637a5bd88', -624.41, '2024-01-17', 'Deposit'),
('2e68d652-68a0-498e-9fbf-80c796dcdb49', '1667b32e-2445-411f-a29e-8ff94a698745', -956.47, '2024-02-03', 'Salary'),
('3374b3f7-a2be-41cf-b4ac-8180792f4e4c', '1667b32e-2445-411f-a29e-8ff94a698745', -793.42, '2024-02-01', 'Payment'),
('e7940e7a-9e20-4ef2-91d3-5fd0dda480fa', '1667b32e-2445-411f-a29e-8ff94a698745', 933.20, '2024-01-06', 'Withdrawal'),
('5c9ffd34-7f32-46c4-93ec-806f176c4a05', '1667b32e-2445-411f-a29e-8ff94a698745', 916.50, '2024-02-25', 'Transfer'),
('685812a3-4adb-4ad4-88b0-e1500ee5bd3f', '1667b32e-2445-411f-a29e-8ff94a698745', 439.36, '2024-01-10', 'Refund'),
('96ff50b0-d3c8-480d-9983-40ca9529f1f0', '1667b32e-2445-411f-a29e-8ff94a698745', 201.93, '2024-01-21', 'Cashback'),
('2b075232-f10f-4dd4-8e6d-1f2bc6193753', '1667b32e-2445-411f-a29e-8ff94a698745', 967.46, '2024-02-04', 'Salary'),
('2a2819a9-4e1d-4205-babe-97644a5f363a', '1667b32e-2445-411f-a29e-8ff94a698745', -395.09, '2024-01-13', 'Transfer'),
('59c1b543-8e2c-4f9b-9e4d-99ab64065e5b', '1667b32e-2445-411f-a29e-8ff94a698745', -463.61, '2024-01-05', 'Withdrawal'),
('1fc29c85-069a-482d-99ef-74dea646b259', '1667b32e-2445-411f-a29e-8ff94a698745', -333.38, '2024-01-09', 'Salary'),
('717a6537-cadc-478c-9e08-7e37c67cc4a0', '1667b32e-2445-411f-a29e-8ff94a698745', 340.05, '2024-02-09', 'Withdrawal'),
('d3fe828d-b7df-454c-8922-783192401502', '1667b32e-2445-411f-a29e-8ff94a698745', -695.75, '2024-02-25', 'Transfer'),
('60a90549-8768-4ad3-9ad2-5d48c6308577', '1667b32e-2445-411f-a29e-8ff94a698745', -108.99, '2024-02-21', 'Withdrawal'),
('4d392176-d017-4281-bec5-5bded1c1f668', '1667b32e-2445-411f-a29e-8ff94a698745', 552.26, '2024-02-26', 'Refund'),
('ce1cb16f-b900-4d60-942d-402489c6ef66', '1667b32e-2445-411f-a29e-8ff94a698745', 423.13, '2024-01-21', 'Transfer'),
('cbc62f1f-3854-41be-8d07-84e87ef6d3f7', '1667b32e-2445-411f-a29e-8ff94a698745', -152.09, '2024-02-10', 'Withdrawal'),
('d6f90d08-ba01-48ab-b17b-c2028840099d', '1667b32e-2445-411f-a29e-8ff94a698745', -242.30, '2024-02-18', 'Deposit'),
('8b1586f9-bd55-419d-8c37-f32dc3f134d4', '1667b32e-2445-411f-a29e-8ff94a698745', 695.12, '2024-02-01', 'Transfer'),
('0b7aa7ef-fe88-4901-aa1f-42d23ee54570', '1667b32e-2445-411f-a29e-8ff94a698745', -98.37, '2024-02-04', 'Deposit'),
('d054791e-7ff1-4651-b265-74e91d7102ee', '1667b32e-2445-411f-a29e-8ff94a698745', 323.06, '2024-01-04', 'Purchase'),
('55a2dfbe-5860-44aa-a6de-095ccfd21a64', '1667b32e-2445-411f-a29e-8ff94a698745', -595.08, '2024-01-22', 'Refund'),
('9d6e98f2-4260-4d21-a16d-3e690927685f', '1667b32e-2445-411f-a29e-8ff94a698745', -873.63, '2024-01-14', 'Deposit'),
('2fe91491-6de1-4b0b-8ca7-ac3321085dc4', '1667b32e-2445-411f-a29e-8ff94a698745', 292.63, '2024-02-06', 'Salary'),
('5a5ba7eb-dc05-4acf-af42-e63e1207ceac', '1667b32e-2445-411f-a29e-8ff94a698745', 493.76, '2024-01-04', 'Refund'),
('f6388136-8095-4f14-8ce2-e859f66a5ab8', '1667b32e-2445-411f-a29e-8ff94a698745', 251.10, '2024-02-10', 'Salary'),
('9e6e619b-086a-48b5-9962-46b103417b16', '1667b32e-2445-411f-a29e-8ff94a698745', -196.10, '2024-01-05', 'Refund'),
('0477f31d-ab25-499b-9af3-915f15657777', '1667b32e-2445-411f-a29e-8ff94a698745', 92.65, '2024-01-14', 'Cashback'),
('8d0108e4-770d-4cda-a3ff-6b2caed1e175', '1667b32e-2445-411f-a29e-8ff94a698745', 503.14, '2024-02-15', 'Withdrawal'),
('39ed5309-e23e-476c-8c9e-9121ec3d74cc', '1667b32e-2445-411f-a29e-8ff94a698745', 903.48, '2024-01-16', 'Purchase'),
('b2922851-91e3-4edf-9c32-93f3097a01cb', '1667b32e-2445-411f-a29e-8ff94a698745', 662.26, '2024-01-29', 'Transfer'),
('d5a14001-d01b-4eb6-8814-31cc71d9d051', '1667b32e-2445-411f-a29e-8ff94a698745', -957.66, '2024-01-26', 'Transfer'),
('2e6004d1-7c92-427f-84cc-5dd4aa407273', '1667b32e-2445-411f-a29e-8ff94a698745', -874.08, '2024-02-18', 'Refund'),
('83dabe78-21f4-4468-bc5c-78a319709050', '1667b32e-2445-411f-a29e-8ff94a698745', 852.81, '2024-02-07', 'Transfer'),
('00ed2adb-cd8c-44f0-913c-f3ef9209e2d0', '1667b32e-2445-411f-a29e-8ff94a698745', -907.30, '2024-01-07', 'Deposit'),
('188818a2-cde8-4f8a-a565-fa8d37851f31', '1667b32e-2445-411f-a29e-8ff94a698745', -91.25, '2024-01-27', 'Deposit'),
('11f0f1c5-9c2b-4bc0-b5a9-e5ee95ceba7f', '1667b32e-2445-411f-a29e-8ff94a698745', -986.85, '2024-02-01', 'Payment'),
('03a491c2-10d7-48fd-b503-4f02213c514f', '20298bf9-dc78-48fc-ae71-80ddda09ee25', 219.88, '2024-01-08', 'Purchase'),
('43201a4b-4bcd-4fbc-950c-bbd185a310e1', '20298bf9-dc78-48fc-ae71-80ddda09ee25', 753.64, '2024-02-07', 'Transfer'),
('6442cb41-116a-44e4-b34e-df4a50f4ead9', '20298bf9-dc78-48fc-ae71-80ddda09ee25', 947.53, '2024-01-24', 'Payment'),
('33f73ce5-4a96-48d2-b293-75b86969636b', '20298bf9-dc78-48fc-ae71-80ddda09ee25', -707.79, '2024-01-21', 'Salary'),
('123283e2-7ae6-4386-b00b-c62242ca0411', '20298bf9-dc78-48fc-ae71-80ddda09ee25', -66.15, '2024-02-08', 'Cashback'),
('b4f3ab06-6114-4705-a7b0-9d7c110a770d', '20298bf9-dc78-48fc-ae71-80ddda09ee25', -99.21, '2024-01-05', 'Withdrawal'),
('a604b2e5-85ea-4200-8f82-3e3208a9961c', '20298bf9-dc78-48fc-ae71-80ddda09ee25', 738.56, '2024-01-27', 'Salary'),
('f8dbe254-5c33-4e4b-97ab-69d1941ef775', '20298bf9-dc78-48fc-ae71-80ddda09ee25', 8.94, '2024-01-03', 'Transfer'),
('86d56dd2-b1b1-4863-8c11-aec8d5c69ea7', '20298bf9-dc78-48fc-ae71-80ddda09ee25', -704.54, '2024-02-13', 'Payment'),
('cc1e499d-6cff-4657-8336-a83b4c83ca12', '20298bf9-dc78-48fc-ae71-80ddda09ee25', 467.99, '2024-01-13', 'Cashback'),
('df33010e-a2f2-46a2-ab44-c3280eaf161e', '20298bf9-dc78-48fc-ae71-80ddda09ee25', -457.57, '2024-01-08', 'Transfer'),
('d7f6d9d0-1013-4071-bf49-fc63f524445f', '20298bf9-dc78-48fc-ae71-80ddda09ee25', -371.58, '2024-02-20', 'Refund'),
('a7166c09-50aa-475d-8884-05be7ad00671', '20298bf9-dc78-48fc-ae71-80ddda09ee25', 57.23, '2024-02-23', 'Deposit'),
('b4224b9a-e47c-467c-bacf-71755bced587', '20298bf9-dc78-48fc-ae71-80ddda09ee25', 297.75, '2024-02-08', 'Cashback'),
('dc7b3a1a-84ce-45fc-9376-56f9c63aee4e', '20298bf9-dc78-48fc-ae71-80ddda09ee25', 51.49, '2024-02-10', 'Deposit'),
('9464bd2c-65c0-43a1-b760-c514c123bc1d', '20298bf9-dc78-48fc-ae71-80ddda09ee25', -404.75, '2024-01-03', 'Purchase'),
('9a7d5a77-4be2-4626-8ec9-8339d9cd0000', '20298bf9-dc78-48fc-ae71-80ddda09ee25', -866.32, '2024-01-28', 'Payment'),
('127342d8-48f0-4e3b-a974-1dd879a6edec', '20298bf9-dc78-48fc-ae71-80ddda09ee25', 975.39, '2024-01-12', 'Transfer'),
('58c200c5-b335-4ea5-921a-f955b3a0783f', '20298bf9-dc78-48fc-ae71-80ddda09ee25', 347.52, '2024-01-03', 'Withdrawal'),
('26f24374-0d77-4fd6-9be3-c0a1014b4e46', '20298bf9-dc78-48fc-ae71-80ddda09ee25', 892.78, '2024-01-12', 'Cashback'),
('d87d0769-ae23-45bd-889d-b718a145ff36', '20298bf9-dc78-48fc-ae71-80ddda09ee25', 649.00, '2024-01-10', 'Cashback'),
('5cbe53c9-2ad7-4329-bbda-274e591ac13e', '20298bf9-dc78-48fc-ae71-80ddda09ee25', 839.39, '2024-02-07', 'Deposit'),
('ceef8559-8872-4a8c-9716-d71948e32730', '20298bf9-dc78-48fc-ae71-80ddda09ee25', 649.53, '2024-02-21', 'Refund'),
('5bd804d9-6d3c-4519-b311-281c80e5d213', '20298bf9-dc78-48fc-ae71-80ddda09ee25', 105.62, '2024-02-02', 'Purchase'),
('9e0b9366-61dd-4ef2-8af7-03b60580bd7d', '20298bf9-dc78-48fc-ae71-80ddda09ee25', 96.05, '2024-01-01', 'Deposit'),
('599377a4-f564-4fcf-8986-2087a0e1126b', '20298bf9-dc78-48fc-ae71-80ddda09ee25', 923.96, '2024-02-23', 'Transfer'),
('2f73a1b9-b4bc-401c-9e3e-c6067eb5ff4b', '20298bf9-dc78-48fc-ae71-80ddda09ee25', 511.99, '2024-02-01', 'Withdrawal'),
('6ba54313-51ce-47c2-bd0e-40cb70acd16a', '20298bf9-dc78-48fc-ae71-80ddda09ee25', -640.85, '2024-02-24', 'Refund'),
('e56d61a7-9d89-456c-8440-30bd51a6eafe', '20298bf9-dc78-48fc-ae71-80ddda09ee25', -15.55, '2024-02-20', 'Purchase'),
('a373f312-dbf0-41f4-87eb-ea2ec6d98c06', '20298bf9-dc78-48fc-ae71-80ddda09ee25', 208.06, '2024-02-15', 'Salary'),
('8b7c118c-df69-4ea3-9d26-3b1bff4a0fe5', '20298bf9-dc78-48fc-ae71-80ddda09ee25', -594.51, '2024-01-01', 'Transfer'),
('52aae09f-6e1c-4ca2-9f12-aa341567b076', '20298bf9-dc78-48fc-ae71-80ddda09ee25', -318.50, '2024-01-12', 'Salary'),
('7bb7fffc-c4db-4302-81e2-81e1ee97f013', '1f3974d4-a3a8-4dc8-98a2-d40af5d99932', 530.46, '2024-02-16', 'Purchase'),
('74b3aa0d-0e65-4f50-8e58-2a4f74b9569a', '1f3974d4-a3a8-4dc8-98a2-d40af5d99932', 18.75, '2024-01-03', 'Payment'),
('544558e2-18ce-462d-84fd-69abea1c5cc4', '1f3974d4-a3a8-4dc8-98a2-d40af5d99932', 30.37, '2024-01-23', 'Deposit'),
('c36413a4-b7f7-47d5-88d5-ff705002dc17', '1f3974d4-a3a8-4dc8-98a2-d40af5d99932', -314.98, '2024-01-22', 'Transfer'),
('f0d3881e-b9f4-4c29-b10a-b021614e99f4', '1f3974d4-a3a8-4dc8-98a2-d40af5d99932', -481.05, '2024-02-22', 'Deposit'),
('0cc474d5-3aa6-48ef-8778-e0491df77b60', '1f3974d4-a3a8-4dc8-98a2-d40af5d99932', 143.23, '2024-01-06', 'Withdrawal'),
('1429c5e6-f9fe-4b99-a2ef-5c7e5626e9d2', '1f3974d4-a3a8-4dc8-98a2-d40af5d99932', 43.96, '2024-02-26', 'Salary'),
('139e7702-8fdc-449f-8161-c91559a11653', '1f3974d4-a3a8-4dc8-98a2-d40af5d99932', -230.75, '2024-01-16', 'Purchase'),
('d4af85ee-7bae-4129-8941-3a8edcb5a159', '1f3974d4-a3a8-4dc8-98a2-d40af5d99932', 111.29, '2024-01-06', 'Salary'),
('8246c962-51d8-463c-bc99-8a782c9d35aa', '1f3974d4-a3a8-4dc8-98a2-d40af5d99932', 834.67, '2024-01-04', 'Payment'),
('f0ad4ac5-a2e0-4b1f-a1b1-02b40b9964e0', '1f3974d4-a3a8-4dc8-98a2-d40af5d99932', -914.49, '2024-02-17', 'Purchase'),
('6cb8ae0f-708c-4de1-9b0a-0c5317b167e9', '1f3974d4-a3a8-4dc8-98a2-d40af5d99932', -69.32, '2024-02-14', 'Deposit'),
('4751da4a-765c-40bb-80d8-fcd779f6271a', '1f3974d4-a3a8-4dc8-98a2-d40af5d99932', 163.88, '2024-02-23', 'Withdrawal'),
('17626efa-dc15-4ee9-ace1-c747221d904a', '1f3974d4-a3a8-4dc8-98a2-d40af5d99932', 592.79, '2024-02-17', 'Purchase'),
('27597b1a-4fe4-4604-a319-8c056e9ffb75', '1f3974d4-a3a8-4dc8-98a2-d40af5d99932', -583.42, '2024-02-12', 'Cashback'),
('6e56b1f9-eafa-49fc-9ece-1291e50eb74f', '1f3974d4-a3a8-4dc8-98a2-d40af5d99932', -543.99, '2024-01-19', 'Refund'),
('2da106a9-daa9-4147-8cf6-c8d11cbd88da', '1f3974d4-a3a8-4dc8-98a2-d40af5d99932', 258.28, '2024-02-26', 'Transfer'),
('25420f44-6e61-4b20-af40-a1c92d2bdd36', '1f3974d4-a3a8-4dc8-98a2-d40af5d99932', 945.77, '2024-02-05', 'Refund'),
('6d715494-679a-4992-8f7d-fdb71a83340f', '1f3974d4-a3a8-4dc8-98a2-d40af5d99932', -690.96, '2024-02-09', 'Withdrawal'),
('98bfc9bc-13e8-4f17-baf1-675b12a90207', '1f3974d4-a3a8-4dc8-98a2-d40af5d99932', -606.90, '2024-02-26', 'Payment'),
('4edba3ca-639c-4fd6-8088-8cb5476a3941', '1f3974d4-a3a8-4dc8-98a2-d40af5d99932', -102.55, '2024-01-27', 'Cashback'),
('d12fed25-5a50-4e24-8318-a738d83da18a', '1f3974d4-a3a8-4dc8-98a2-d40af5d99932', 567.28, '2024-02-01', 'Cashback'),
('686f3749-681f-442a-b382-ba4ba7cc712d', '1f3974d4-a3a8-4dc8-98a2-d40af5d99932', 387.46, '2024-01-20', 'Refund'),
('a2ce73b7-5664-4e48-8800-d585f1c17cf6', '1f3974d4-a3a8-4dc8-98a2-d40af5d99932', 81.22, '2024-01-31', 'Salary'),
('2a837662-6130-48b8-9e84-7df3fec91626', '1f3974d4-a3a8-4dc8-98a2-d40af5d99932', -345.54, '2024-01-29', 'Refund'),
('349d708f-9f17-4090-ae69-e5bdff136086', '1f3974d4-a3a8-4dc8-98a2-d40af5d99932', -532.22, '2024-02-06', 'Salary'),
('1cb53bce-181a-481c-82a8-b82cdf9d4e67', '1f3974d4-a3a8-4dc8-98a2-d40af5d99932', 8.91, '2024-01-03', 'Cashback'),
('36c9adf9-43b3-42c4-ac18-ef00dfc5dae8', '1f3974d4-a3a8-4dc8-98a2-d40af5d99932', -325.21, '2024-02-12', 'Payment'),
('94f11463-2347-48f8-a0c3-02553d4afded', '1f3974d4-a3a8-4dc8-98a2-d40af5d99932', -146.94, '2024-01-11', 'Cashback'),
('a35ad97d-067f-421e-8f8d-c58391885f2a', '1f3974d4-a3a8-4dc8-98a2-d40af5d99932', -113.85, '2024-01-13', 'Salary'),
('367152d4-d105-42fc-afad-6a621ec0f639', '1f3974d4-a3a8-4dc8-98a2-d40af5d99932', 447.20, '2024-01-27', 'Salary'),
('7946271b-34f6-4ba1-b920-34a2f02e59d8', '1f3974d4-a3a8-4dc8-98a2-d40af5d99932', 884.80, '2024-01-03', 'Deposit'),
('ba407c12-ba6c-4149-b1c3-7f967dff8ceb', '1f3974d4-a3a8-4dc8-98a2-d40af5d99932', -398.71, '2024-02-04', 'Payment'),
('b4cdb431-8547-4ea1-8ca2-dd671fd4d279', '8cc2593d-2531-47a7-b301-ab63f8a15982', 760.50, '2024-02-28', 'Transfer'),
('3c3bca57-3e72-4c10-9fad-ced5b5022d80', '8cc2593d-2531-47a7-b301-ab63f8a15982', -67.96, '2024-01-09', 'Payment'),
('7c55d66b-0fbc-48a0-86f6-53ca4446e82a', '8cc2593d-2531-47a7-b301-ab63f8a15982', -774.73, '2024-01-16', 'Transfer'),
('b6db4549-9625-44dd-ab74-81e3fdfd86ea', '8cc2593d-2531-47a7-b301-ab63f8a15982', -388.96, '2024-01-23', 'Cashback'),
('694c5121-95ee-469f-990c-0a8052721bb0', '8cc2593d-2531-47a7-b301-ab63f8a15982', -322.74, '2024-01-20', 'Payment'),
('56398b99-b151-49f1-925c-baf5e2e2fa0f', '8cc2593d-2531-47a7-b301-ab63f8a15982', -656.54, '2024-01-19', 'Payment'),
('8d99542d-eb97-4cf0-8fec-5128d8151a40', '8cc2593d-2531-47a7-b301-ab63f8a15982', -224.13, '2024-02-15', 'Deposit'),
('23faddb2-8463-4072-8515-d979650f3434', '8cc2593d-2531-47a7-b301-ab63f8a15982', 882.17, '2024-02-08', 'Transfer'),
('d2f200ff-426a-4d4d-9519-0ca41bfe9482', '8cc2593d-2531-47a7-b301-ab63f8a15982', -233.20, '2024-01-15', 'Purchase'),
('f906fa2f-5627-4c35-a380-a8200e36170f', '8cc2593d-2531-47a7-b301-ab63f8a15982', -606.38, '2024-02-16', 'Payment'),
('bab3ef7c-0d73-49f0-9e6c-bb0d395de3d6', '8cc2593d-2531-47a7-b301-ab63f8a15982', 821.11, '2024-01-03', 'Purchase'),
('cf9ae6c1-a21c-43be-b43c-489a199dd573', '8cc2593d-2531-47a7-b301-ab63f8a15982', 579.80, '2024-02-08', 'Cashback'),
('0b4911f0-6a78-4874-a0e9-babc81ce24e3', '8cc2593d-2531-47a7-b301-ab63f8a15982', 231.98, '2024-02-26', 'Purchase'),
('d71eadce-7986-49e5-bae5-bb01cc1f64b1', '8cc2593d-2531-47a7-b301-ab63f8a15982', 291.92, '2024-01-08', 'Purchase'),
('b5b7be57-0e57-4092-827b-13b14b599df1', '8cc2593d-2531-47a7-b301-ab63f8a15982', 405.66, '2024-01-27', 'Deposit'),
('c247252a-a306-485a-9a49-c6b3233f4216', '8cc2593d-2531-47a7-b301-ab63f8a15982', 510.07, '2024-02-02', 'Salary'),
('6204fcbd-883b-4f4b-9b39-87acf5895f74', '8cc2593d-2531-47a7-b301-ab63f8a15982', -197.28, '2024-01-20', 'Payment'),
('d5ede72b-7ef1-47bc-9642-af3223322d0b', '8cc2593d-2531-47a7-b301-ab63f8a15982', 673.19, '2024-01-19', 'Transfer'),
('76692ee5-b111-4699-ac8d-5c0a52a22991', '8cc2593d-2531-47a7-b301-ab63f8a15982', -344.68, '2024-02-09', 'Purchase'),
('0c26d335-b945-4b38-9e86-65d0015cc615', '8cc2593d-2531-47a7-b301-ab63f8a15982', 549.10, '2024-02-14', 'Withdrawal'),
('157a0402-7db7-45d6-87b5-0f8ac85b1caa', '8cc2593d-2531-47a7-b301-ab63f8a15982', 287.20, '2024-02-22', 'Salary'),
('472e0bed-4c27-4b50-82f2-15d792052c8e', '8cc2593d-2531-47a7-b301-ab63f8a15982', 490.18, '2024-02-04', 'Payment'),
('369ed28b-4cb4-4124-b393-7ef89f42a815', '8cc2593d-2531-47a7-b301-ab63f8a15982', 219.32, '2024-02-03', 'Cashback'),
('4005ee77-95ad-48c1-9a10-7eac7c635924', '8cc2593d-2531-47a7-b301-ab63f8a15982', 492.11, '2024-01-23', 'Purchase'),
('107335e2-39d6-43fb-bf02-9dc5dbf8b111', '8cc2593d-2531-47a7-b301-ab63f8a15982', -863.42, '2024-02-14', 'Purchase'),
('6c5a4f1c-a246-4984-97fe-dcff3f141906', '8cc2593d-2531-47a7-b301-ab63f8a15982', 700.28, '2024-02-13', 'Cashback'),
('8f481b95-ec07-49a9-89d3-e1905af3354d', '8cc2593d-2531-47a7-b301-ab63f8a15982', 939.81, '2024-01-10', 'Salary'),
('e6e24d9b-bf98-4a4d-9be8-d9630c3cc0de', '8cc2593d-2531-47a7-b301-ab63f8a15982', -978.74, '2024-02-03', 'Payment'),
('4a89b8b4-2876-415a-a157-24cdaae598d9', '8cc2593d-2531-47a7-b301-ab63f8a15982', 476.52, '2024-01-08', 'Salary'),
('00b19d73-77cc-4efb-aa72-ac53b7d6450a', '8cc2593d-2531-47a7-b301-ab63f8a15982', 973.75, '2024-01-25', 'Payment'),
('72a41545-63a5-4895-8ccb-e6eae333df55', '8cc2593d-2531-47a7-b301-ab63f8a15982', -57.58, '2024-01-24', 'Cashback'),
('803c9688-d97c-4d36-acdb-f0e264297598', '8cc2593d-2531-47a7-b301-ab63f8a15982', -971.37, '2024-01-30', 'Cashback'),
('558deefe-689d-4e1e-9c17-46c2f270e465', '8cc2593d-2531-47a7-b301-ab63f8a15982', 167.45, '2024-01-26', 'Salary'),
('be393175-5a5f-4c13-96bf-ee0d8627e5cb', '8cc2593d-2531-47a7-b301-ab63f8a15982', -497.02, '2024-02-22', 'Payment'),
('c2381b07-7879-4727-a623-734b431730f9', '8cc2593d-2531-47a7-b301-ab63f8a15982', -585.83, '2024-02-22', 'Refund'),
('db4192dd-dab5-44b5-982e-495d097cbaa0', '8cc2593d-2531-47a7-b301-ab63f8a15982', -83.24, '2024-01-13', 'Refund'),
('e2670ea1-ed37-4827-862b-fb642f54b32c', '8cc2593d-2531-47a7-b301-ab63f8a15982', -83.25, '2024-01-11', 'Refund'),
('6b128619-ed8d-4e03-8622-304aa96eff55', '10afcb57-6121-441d-be1a-a6dfa0180a21', 584.00, '2024-02-27', 'Cashback'),
('02598dd6-0304-4415-86a0-31b66dcb570f', '10afcb57-6121-441d-be1a-a6dfa0180a21', -609.92, '2024-02-26', 'Refund'),
('abd49695-352e-4d84-8f67-efa03e58341e', '10afcb57-6121-441d-be1a-a6dfa0180a21', 403.98, '2024-01-01', 'Transfer'),
('5bcb543e-f67e-4461-86cb-a0ff35c1fdc4', '10afcb57-6121-441d-be1a-a6dfa0180a21', 906.70, '2024-02-12', 'Payment'),
('1d9c3ae3-6702-41c7-96f1-31deaf3e313d', '10afcb57-6121-441d-be1a-a6dfa0180a21', 642.04, '2024-01-22', 'Cashback'),
('9f7291c9-7a86-407b-a18c-09a783cf02b0', '10afcb57-6121-441d-be1a-a6dfa0180a21', -674.16, '2024-02-09', 'Purchase'),
('4db1a38b-85fb-477a-a0b8-f87dba7027f5', '10afcb57-6121-441d-be1a-a6dfa0180a21', 264.34, '2024-01-14', 'Payment'),
('ced5b1b6-d043-4478-b85e-58b672879793', '10afcb57-6121-441d-be1a-a6dfa0180a21', -140.12, '2024-01-27', 'Transfer'),
('9af441f7-603c-4a89-a854-98a6e692a67e', '10afcb57-6121-441d-be1a-a6dfa0180a21', -507.23, '2024-02-04', 'Cashback'),
('d6adaf4e-9693-46dd-8cc7-6de1ef3b7697', '10afcb57-6121-441d-be1a-a6dfa0180a21', -367.43, '2024-02-04', 'Salary'),
('2802eed5-cba9-47c5-abaf-a659b97debe3', '10afcb57-6121-441d-be1a-a6dfa0180a21', -588.18, '2024-02-06', 'Transfer'),
('e2cc88fd-f950-4a0f-bdcf-f59a8e131530', '10afcb57-6121-441d-be1a-a6dfa0180a21', -914.25, '2024-02-28', 'Deposit'),
('999d8a8b-4e21-4846-a801-70275ee6ec6b', '10afcb57-6121-441d-be1a-a6dfa0180a21', 675.88, '2024-02-04', 'Transfer'),
('e2b1870a-2624-40ce-aa7d-e27d697e0f06', '10afcb57-6121-441d-be1a-a6dfa0180a21', -316.42, '2024-02-10', 'Purchase'),
('9603c44e-33d0-4347-9c92-e02f4f2ae407', '10afcb57-6121-441d-be1a-a6dfa0180a21', -211.09, '2024-02-07', 'Salary'),
('4f664e7f-9fab-4485-9f29-bddb078492c9', '10afcb57-6121-441d-be1a-a6dfa0180a21', -286.88, '2024-02-16', 'Salary'),
('e4291db0-05f1-469c-9754-c5c4b71ee40f', '10afcb57-6121-441d-be1a-a6dfa0180a21', -194.49, '2024-01-01', 'Deposit'),
('884d5665-d0c1-4b48-b98b-0c7a4bab841d', '10afcb57-6121-441d-be1a-a6dfa0180a21', 696.40, '2024-02-01', 'Deposit'),
('e775b762-a531-48f6-b129-57eb7c073a37', '10afcb57-6121-441d-be1a-a6dfa0180a21', -627.57, '2024-01-09', 'Transfer'),
('280b3900-525c-4720-9a36-edabc1a7f7af', '10afcb57-6121-441d-be1a-a6dfa0180a21', 720.40, '2024-01-18', 'Refund'),
('e27fb7cb-d4f2-49dd-917d-f361ae1284cf', '10afcb57-6121-441d-be1a-a6dfa0180a21', 338.27, '2024-01-07', 'Cashback'),
('336a0281-deb5-41b5-aabd-650f12e3910f', '10afcb57-6121-441d-be1a-a6dfa0180a21', 221.00, '2024-02-09', 'Deposit'),
('f7dc7d5d-53ac-4d30-8a27-c778fb84a679', '10afcb57-6121-441d-be1a-a6dfa0180a21', 360.61, '2024-01-03', 'Salary'),
('d099b04e-6e7d-415c-a34e-745489de386d', '10afcb57-6121-441d-be1a-a6dfa0180a21', -733.21, '2024-01-08', 'Salary'),
('d5bfb7a0-4690-4e83-908f-4648aa4d8eb9', '10afcb57-6121-441d-be1a-a6dfa0180a21', 706.03, '2024-02-14', 'Withdrawal'),
('b9e1eb1c-4acf-4c66-b08a-c9cd268dbc29', '10afcb57-6121-441d-be1a-a6dfa0180a21', 970.15, '2024-01-27', 'Deposit'),
('2cef18be-6b07-4cfb-bff2-b0989ac02f30', '10afcb57-6121-441d-be1a-a6dfa0180a21', -39.66, '2024-01-03', 'Refund'),
('b045e9b9-5512-4960-8c2c-371be52ceb6b', '10afcb57-6121-441d-be1a-a6dfa0180a21', -87.13, '2024-01-10', 'Cashback'),
('a30e4cb9-a9f2-4e16-99b2-0d322ba5f498', '10afcb57-6121-441d-be1a-a6dfa0180a21', -271.66, '2024-01-06', 'Deposit'),
('77ba42bc-9249-4b66-a2bc-aca6b1259bf1', '10afcb57-6121-441d-be1a-a6dfa0180a21', 262.84, '2024-02-16', 'Cashback'),
('50f32b58-477e-4986-af4d-23f735b06d5e', '10afcb57-6121-441d-be1a-a6dfa0180a21', -957.95, '2024-01-16', 'Payment'),
('4132bb9d-9efe-4399-baad-0603cdf96b96', 'd9eddb06-1ddd-4e7c-86a9-f86a10151038', 318.25, '2024-02-17', 'Salary'),
('4173fd17-e6c2-45cf-8460-0d9a44863a55', 'd9eddb06-1ddd-4e7c-86a9-f86a10151038', 385.21, '2024-01-25', 'Purchase'),
('7263a080-fc28-47e0-b5c8-5119ee0efdbf', 'd9eddb06-1ddd-4e7c-86a9-f86a10151038', -920.11, '2024-01-05', 'Deposit'),
('4860d180-b480-47a5-9e26-520eda3a11e7', 'd9eddb06-1ddd-4e7c-86a9-f86a10151038', 562.53, '2024-02-17', 'Withdrawal'),
('9b1d9a46-ed94-4170-8140-d122b9055ee7', 'd9eddb06-1ddd-4e7c-86a9-f86a10151038', -545.98, '2024-01-19', 'Transfer'),
('2820231c-2d60-4c58-a163-e76c655e8798', 'd9eddb06-1ddd-4e7c-86a9-f86a10151038', -210.16, '2024-02-03', 'Payment'),
('1b48ba15-1b8a-411b-8367-903423a150fb', 'd9eddb06-1ddd-4e7c-86a9-f86a10151038', -873.21, '2024-02-22', 'Cashback'),
('88d70243-da9c-48e5-8679-ff912c709869', 'd9eddb06-1ddd-4e7c-86a9-f86a10151038', 573.44, '2024-02-21', 'Transfer'),
('9250c84e-12e2-4173-bca6-c64615a504c3', 'd9eddb06-1ddd-4e7c-86a9-f86a10151038', 185.44, '2024-01-20', 'Transfer'),
('7719e9e1-d86c-4496-8fd1-2720fd65ea7b', 'd9eddb06-1ddd-4e7c-86a9-f86a10151038', 852.11, '2024-02-22', 'Salary'),
('5654e8e4-5c6f-41d9-ba17-fafe2c24f16e', 'd9eddb06-1ddd-4e7c-86a9-f86a10151038', -129.39, '2024-02-09', 'Transfer'),
('1ac4946e-d00a-481d-abcb-42d1e3c0581e', 'd9eddb06-1ddd-4e7c-86a9-f86a10151038', -641.04, '2024-02-17', 'Withdrawal'),
('e151da9f-4261-4396-9dde-4c8e7d42dc95', 'd9eddb06-1ddd-4e7c-86a9-f86a10151038', 587.41, '2024-01-19', 'Payment'),
('abe52034-b68e-407d-b371-450c2420df54', 'd9eddb06-1ddd-4e7c-86a9-f86a10151038', 724.07, '2024-02-15', 'Salary'),
('a041f04d-0763-417d-8691-cd9daa5b3ab4', 'd9eddb06-1ddd-4e7c-86a9-f86a10151038', 7.40, '2024-02-10', 'Deposit'),
('3425f1a5-8027-4396-aa91-8e7a9af23f68', 'd9eddb06-1ddd-4e7c-86a9-f86a10151038', -700.11, '2024-02-11', 'Purchase'),
('2b4d0e20-e692-42fa-b109-2e7e6554579b', 'd9eddb06-1ddd-4e7c-86a9-f86a10151038', -280.73, '2024-02-28', 'Refund'),
('f76bd430-3fa3-482b-8223-f37afeef148f', 'd9eddb06-1ddd-4e7c-86a9-f86a10151038', -365.72, '2024-02-27', 'Deposit'),
('d946f72e-5c2b-4262-9967-09175726f729', 'd9eddb06-1ddd-4e7c-86a9-f86a10151038', 709.76, '2024-02-23', 'Refund'),
('5ece3933-b19e-463d-ae1a-e6ac255d540a', 'd9eddb06-1ddd-4e7c-86a9-f86a10151038', 497.52, '2024-02-12', 'Payment'),
('41f41aa5-dd20-45b9-9f54-38a6fc5431f2', 'd9eddb06-1ddd-4e7c-86a9-f86a10151038', 542.82, '2024-02-24', 'Payment'),
('7b520dc3-737a-476c-ab3f-2b60539d8d98', 'd9eddb06-1ddd-4e7c-86a9-f86a10151038', -350.36, '2024-01-21', 'Deposit'),
('6646b52a-35d4-4a25-a8b7-8a9a9ba2c78e', 'd9eddb06-1ddd-4e7c-86a9-f86a10151038', 746.75, '2024-02-25', 'Deposit'),
('48d08aa3-71fd-4701-8010-397abe75bbee', 'd9eddb06-1ddd-4e7c-86a9-f86a10151038', -148.37, '2024-01-30', 'Purchase'),
('eab87fe5-d50b-408d-804f-87f27affc539', 'd9eddb06-1ddd-4e7c-86a9-f86a10151038', -604.87, '2024-01-24', 'Refund'),
('eddf26cd-8ae5-4b7f-a369-6b6bbe657de2', 'd9eddb06-1ddd-4e7c-86a9-f86a10151038', 24.57, '2024-01-20', 'Withdrawal'),
('2651d6ae-eab9-48a3-b46c-01c59cd8610f', 'd9eddb06-1ddd-4e7c-86a9-f86a10151038', -58.65, '2024-02-15', 'Cashback'),
('ced58405-02e0-4a3f-bfd5-8cbe561c60ac', 'd9eddb06-1ddd-4e7c-86a9-f86a10151038', -895.38, '2024-02-09', 'Withdrawal'),
('451b5f71-6b2d-4a7f-a2f8-fdc1ce5cf9d0', 'd9eddb06-1ddd-4e7c-86a9-f86a10151038', -38.87, '2024-01-05', 'Salary'),
('c904f973-c98a-48a9-b627-acbc118b82b5', 'd9eddb06-1ddd-4e7c-86a9-f86a10151038', -113.38, '2024-02-19', 'Purchase'),
('2e73e8e2-95a5-430a-8d49-93548a4f6ff9', '88d7b810-1c2e-4f1c-8b79-9b8fc0af921c', -723.24, '2024-01-09', 'Transfer'),
('0d0bf7b1-5365-4e9d-bcb6-ee217e6c9d01', '88d7b810-1c2e-4f1c-8b79-9b8fc0af921c', -23.68, '2024-02-25', 'Refund'),
('05a937b8-6148-4f80-9643-2e8d7a4d0ff8', '88d7b810-1c2e-4f1c-8b79-9b8fc0af921c', 270.68, '2024-02-24', 'Purchase'),
('6eb8510e-3113-4d2b-bab6-1bbf4968203f', '88d7b810-1c2e-4f1c-8b79-9b8fc0af921c', -120.21, '2024-01-31', 'Payment'),
('5bdfd227-022b-4a3e-b774-59d488dcde71', '88d7b810-1c2e-4f1c-8b79-9b8fc0af921c', -111.90, '2024-01-13', 'Salary'),
('30dfb309-d487-48d5-90d6-acf313bcdba6', '88d7b810-1c2e-4f1c-8b79-9b8fc0af921c', 185.13, '2024-01-09', 'Deposit'),
('c32fe5aa-9df8-4884-ab06-b653893adff1', '88d7b810-1c2e-4f1c-8b79-9b8fc0af921c', 173.47, '2024-02-27', 'Cashback'),
('11945557-b50b-45ec-bf33-7a1fa5938c97', '88d7b810-1c2e-4f1c-8b79-9b8fc0af921c', -618.49, '2024-01-03', 'Salary'),
('72ab39e4-62e7-4bbe-a0c6-c1adc0f5b1df', '88d7b810-1c2e-4f1c-8b79-9b8fc0af921c', -505.38, '2024-01-29', 'Transfer'),
('3fd3d0f0-d48e-42a8-adfa-4b97a8d14e99', '88d7b810-1c2e-4f1c-8b79-9b8fc0af921c', -43.44, '2024-02-10', 'Purchase'),
('c945c4b8-9a0a-4cd6-b9c0-0142c69eeb67', '88d7b810-1c2e-4f1c-8b79-9b8fc0af921c', 94.69, '2024-01-31', 'Purchase'),
('a1357c7b-d6ae-457e-96fd-6309f7d497ed', '88d7b810-1c2e-4f1c-8b79-9b8fc0af921c', -779.84, '2024-01-26', 'Salary'),
('027bd070-a8d2-4a04-a3da-4b1e4bde3509', '88d7b810-1c2e-4f1c-8b79-9b8fc0af921c', -466.51, '2024-02-11', 'Transfer'),
('29bc58c6-c725-4640-a322-45cc654ac96d', '88d7b810-1c2e-4f1c-8b79-9b8fc0af921c', -411.05, '2024-01-17', 'Transfer'),
('37bdfac2-dd7f-4ae6-bceb-ba7cdb425ce5', '88d7b810-1c2e-4f1c-8b79-9b8fc0af921c', -329.13, '2024-01-28', 'Purchase'),
('f1f27fc4-9559-463e-8bc1-ab2712865eed', '88d7b810-1c2e-4f1c-8b79-9b8fc0af921c', -35.80, '2024-02-11', 'Deposit'),
('97df6fff-a0c1-4484-9807-eab792e9e36d', '88d7b810-1c2e-4f1c-8b79-9b8fc0af921c', 36.72, '2024-01-07', 'Purchase'),
('54e81aeb-2da4-4f74-855c-dbc512cd201e', '88d7b810-1c2e-4f1c-8b79-9b8fc0af921c', -483.59, '2024-01-24', 'Deposit'),
('928bca92-de21-40f6-8a3c-95bbd90c1008', '88d7b810-1c2e-4f1c-8b79-9b8fc0af921c', -239.00, '2024-01-12', 'Deposit'),
('710e6099-77a5-41d1-ba1f-e26fb1182a99', '88d7b810-1c2e-4f1c-8b79-9b8fc0af921c', 322.41, '2024-02-15', 'Salary'),
('9615909f-d0f3-4689-b497-c0bc936c9f94', '88d7b810-1c2e-4f1c-8b79-9b8fc0af921c', -804.77, '2024-02-09', 'Transfer'),
('0b11f126-ec33-4489-8b16-7e2c4230eaa6', '88d7b810-1c2e-4f1c-8b79-9b8fc0af921c', 189.96, '2024-02-03', 'Purchase'),
('d5dc37a9-2897-465c-97f5-a57228f4375f', '88d7b810-1c2e-4f1c-8b79-9b8fc0af921c', -657.79, '2024-02-06', 'Purchase'),
('052a284f-0a91-4456-93cb-4adb93028b0e', '88d7b810-1c2e-4f1c-8b79-9b8fc0af921c', -978.02, '2024-01-05', 'Deposit'),
('0fc766a0-34f1-4ec3-a1c1-003cabc59dda', '88d7b810-1c2e-4f1c-8b79-9b8fc0af921c', -944.18, '2024-02-02', 'Refund'),
('97815f93-b8e7-48d7-9354-ba5ff25243ad', '88d7b810-1c2e-4f1c-8b79-9b8fc0af921c', 198.41, '2024-02-23', 'Purchase'),
('e2238936-26f7-49b5-b360-628381944a1d', '88d7b810-1c2e-4f1c-8b79-9b8fc0af921c', -664.10, '2024-01-19', 'Purchase'),
('a67dd4e3-6d8f-42b6-9c84-8c73b83ecbe5', '88d7b810-1c2e-4f1c-8b79-9b8fc0af921c', -446.05, '2024-01-14', 'Deposit'),
('37cebc78-733c-4101-b704-067c7a8c167b', '88d7b810-1c2e-4f1c-8b79-9b8fc0af921c', 169.37, '2024-02-10', 'Salary'),
('37df214a-2a4a-4805-a775-02880349e489', '88d7b810-1c2e-4f1c-8b79-9b8fc0af921c', -344.28, '2024-02-10', 'Cashback'),
('f55dc85e-2205-449c-a3ab-9ae42b8b5ad3', '88d7b810-1c2e-4f1c-8b79-9b8fc0af921c', -751.09, '2024-02-21', 'Salary'),
('4c96d63c-f377-46b8-8e43-386999f714a7', '88d7b810-1c2e-4f1c-8b79-9b8fc0af921c', 886.21, '2024-01-08', 'Withdrawal'),
('12f0a2a5-3f3d-4ef1-af1e-4a57773b4855', '88d7b810-1c2e-4f1c-8b79-9b8fc0af921c', -296.73, '2024-02-01', 'Payment'),
('71dc501b-3c92-4a9e-9544-b57811c72902', '88d7b810-1c2e-4f1c-8b79-9b8fc0af921c', 471.25, '2024-01-21', 'Salary'),
('ec78b7a6-3548-4196-9315-64fc88f8b5de', '8606ce87-3674-4c73-9719-4bb01074264a', -59.89, '2024-02-23', 'Refund'),
('1faa663d-99a1-4728-97cf-1571351ba607', '8606ce87-3674-4c73-9719-4bb01074264a', 856.04, '2024-02-01', 'Transfer'),
('5a304d75-2d80-4e7e-912e-981c42724bc9', '8606ce87-3674-4c73-9719-4bb01074264a', 352.11, '2024-01-06', 'Withdrawal'),
('8fa6286f-ae30-4910-bbcb-0978824b5d8f', '8606ce87-3674-4c73-9719-4bb01074264a', 15.36, '2024-02-17', 'Transfer'),
('f2c1698f-1bbe-48b5-afea-eec5addba1e7', '8606ce87-3674-4c73-9719-4bb01074264a', 846.34, '2024-01-16', 'Deposit'),
('990a309f-3086-4f41-8b6b-121651d61ac5', '8606ce87-3674-4c73-9719-4bb01074264a', 355.63, '2024-01-11', 'Withdrawal'),
('b7296a7f-ce2f-4a7f-9277-a29ded3c8951', '8606ce87-3674-4c73-9719-4bb01074264a', 268.74, '2024-01-02', 'Withdrawal'),
('cc38ad7a-f706-4ad1-9b91-2f94f814c3cb', '8606ce87-3674-4c73-9719-4bb01074264a', 889.88, '2024-02-01', 'Refund'),
('b5206113-dfd1-4b57-bf33-8aa94585afb8', '8606ce87-3674-4c73-9719-4bb01074264a', 125.43, '2024-01-20', 'Transfer'),
('fa598794-1c8b-4759-b05d-7d2b7998eb6f', '8606ce87-3674-4c73-9719-4bb01074264a', 384.24, '2024-02-10', 'Purchase'),
('92502f45-ae3a-435a-b45d-8deb29c39ebf', '8606ce87-3674-4c73-9719-4bb01074264a', 69.66, '2024-02-08', 'Refund'),
('395a9cb6-25fc-4dee-982c-98ed9acf4881', '8606ce87-3674-4c73-9719-4bb01074264a', 318.89, '2024-02-28', 'Payment'),
('e1bdce02-918a-411d-aa59-06623a996c2c', '8606ce87-3674-4c73-9719-4bb01074264a', -703.60, '2024-01-17', 'Refund'),
('3a77a67f-9b1e-4add-99fa-2cc774a99e3e', '8606ce87-3674-4c73-9719-4bb01074264a', 27.54, '2024-01-05', 'Purchase'),
('e12a013b-de1b-477c-9789-2abeb3bd101d', '8606ce87-3674-4c73-9719-4bb01074264a', 653.31, '2024-02-22', 'Refund'),
('0d9b778d-36bf-4c40-811c-b9962a2020b0', '8606ce87-3674-4c73-9719-4bb01074264a', -210.63, '2024-02-22', 'Purchase'),
('c140821f-89a0-4010-bf79-d4dfbb647c08', '8606ce87-3674-4c73-9719-4bb01074264a', 861.22, '2024-02-15', 'Withdrawal'),
('9142a03f-eb05-48af-bda1-271c9561e48f', '8606ce87-3674-4c73-9719-4bb01074264a', 535.70, '2024-01-25', 'Transfer'),
('0cd6b293-7668-4c35-bf2e-f323a08b587f', '8606ce87-3674-4c73-9719-4bb01074264a', -919.07, '2024-02-20', 'Deposit'),
('5b845584-0de7-463b-9da2-baab9fffe72f', '8606ce87-3674-4c73-9719-4bb01074264a', 220.04, '2024-01-10', 'Cashback'),
('6dbfdad1-fa3b-4582-9dcb-6cfcd2fd7174', '8606ce87-3674-4c73-9719-4bb01074264a', -949.29, '2024-02-13', 'Purchase'),
('300726a5-89f4-4a95-ad27-0de9b1a80796', '8606ce87-3674-4c73-9719-4bb01074264a', 804.31, '2024-01-18', 'Salary'),
('1edf61b9-6fff-46b7-b591-212f1f960c30', '8606ce87-3674-4c73-9719-4bb01074264a', -175.41, '2024-02-19', 'Payment'),
('d9a08581-d18c-4c77-9a27-15cad02ac774', '8606ce87-3674-4c73-9719-4bb01074264a', 551.70, '2024-02-01', 'Withdrawal'),
('a1c88713-06bb-4e3d-8fcc-877c00416509', '8606ce87-3674-4c73-9719-4bb01074264a', 334.96, '2024-01-28', 'Purchase'),
('4f331a14-f016-4fba-8e61-0bc6174b8ac5', '8606ce87-3674-4c73-9719-4bb01074264a', -916.62, '2024-02-25', 'Refund'),
('801f8572-bbfa-4d1d-81db-c47c7461e1f3', '8606ce87-3674-4c73-9719-4bb01074264a', 702.40, '2024-01-15', 'Transfer'),
('b67fed7a-1a1a-401e-9b51-06ca9d774e5b', '8606ce87-3674-4c73-9719-4bb01074264a', 908.72, '2024-01-30', 'Payment'),
('90532e3d-a079-4d4c-8f13-9aeead111026', '8606ce87-3674-4c73-9719-4bb01074264a', 623.11, '2024-01-06', 'Purchase'),
('c1692f8c-a8c0-45f9-966e-0cd18fdf6ec6', '8606ce87-3674-4c73-9719-4bb01074264a', -718.60, '2024-01-14', 'Cashback'),
('53ee0518-4bee-417e-9cbb-7f81136f5125', '8606ce87-3674-4c73-9719-4bb01074264a', -513.04, '2024-02-14', 'Payment'),
('49a03794-8a09-4d5d-8538-8dfffb4ff192', '8606ce87-3674-4c73-9719-4bb01074264a', -210.75, '2024-01-21', 'Withdrawal'),
('6d1b8932-2a62-42ce-b91c-83a4a7142696', 'c23721a4-8851-4491-b756-55dc7c5ceba6', 63.90, '2024-01-03', 'Transfer'),
('96590653-a623-4e8c-9317-49ef41e2f581', 'c23721a4-8851-4491-b756-55dc7c5ceba6', 797.57, '2024-01-26', 'Salary'),
('9baeb769-b1fb-47c4-ada1-5df4689fe0be', 'c23721a4-8851-4491-b756-55dc7c5ceba6', -649.27, '2024-01-19', 'Salary'),
('22436a1c-41cc-436b-9d74-eda6df0fbc0c', 'c23721a4-8851-4491-b756-55dc7c5ceba6', -916.47, '2024-01-03', 'Salary'),
('791b8eaa-a7f7-48b1-98f1-ddecc1952bc6', 'c23721a4-8851-4491-b756-55dc7c5ceba6', -161.93, '2024-02-22', 'Salary'),
('3a11df3d-5656-451e-b930-14aefd67683e', 'c23721a4-8851-4491-b756-55dc7c5ceba6', -127.47, '2024-01-30', 'Withdrawal'),
('d2eb6b9a-0e9c-4038-8805-82edace9927e', 'c23721a4-8851-4491-b756-55dc7c5ceba6', 832.54, '2024-01-24', 'Purchase'),
('18175cbb-b641-449b-a30f-dba8e42fee6d', 'c23721a4-8851-4491-b756-55dc7c5ceba6', 705.48, '2024-01-05', 'Cashback'),
('78f3dfbc-4c05-4f68-ab13-7a02e87fbc29', 'c23721a4-8851-4491-b756-55dc7c5ceba6', 365.95, '2024-01-24', 'Purchase'),
('0deb0a38-1717-41bd-a272-1f16424fbdb1', 'c23721a4-8851-4491-b756-55dc7c5ceba6', -215.40, '2024-02-06', 'Refund'),
('beaf27b7-29c9-4313-87c2-aa64431b8726', 'c23721a4-8851-4491-b756-55dc7c5ceba6', -773.81, '2024-01-31', 'Salary'),
('cdf044de-9d02-47c3-b182-68f10b81cf52', 'c23721a4-8851-4491-b756-55dc7c5ceba6', 258.01, '2024-01-02', 'Purchase'),
('f4f1d28b-91f4-4371-9040-8c305ebb13ac', 'c23721a4-8851-4491-b756-55dc7c5ceba6', -914.88, '2024-01-18', 'Payment'),
('649576b6-414e-4a97-9a79-ac556aac5900', 'c23721a4-8851-4491-b756-55dc7c5ceba6', -358.86, '2024-01-04', 'Refund'),
('7a42eab3-c8a0-4c16-8347-2f8a02761fb7', 'c23721a4-8851-4491-b756-55dc7c5ceba6', 884.03, '2024-02-16', 'Withdrawal'),
('11eacccd-93ac-4d7e-a600-bd406edb123c', 'c23721a4-8851-4491-b756-55dc7c5ceba6', -918.45, '2024-02-03', 'Withdrawal'),
('4e953de6-5d52-430a-8f70-2ee7c5e3191a', 'c23721a4-8851-4491-b756-55dc7c5ceba6', -244.03, '2024-01-16', 'Transfer'),
('fb9a7679-537f-4159-ae94-5f0592dbe421', 'c23721a4-8851-4491-b756-55dc7c5ceba6', -318.12, '2024-02-28', 'Cashback'),
('775b96a4-f7d6-41e3-a833-6938968567df', 'c23721a4-8851-4491-b756-55dc7c5ceba6', 230.78, '2024-01-18', 'Refund'),
('16a61ff8-f583-4683-8b7d-bb77c7ddbe8d', 'c23721a4-8851-4491-b756-55dc7c5ceba6', -766.09, '2024-02-13', 'Deposit'),
('e8a626f3-cde1-4542-a98d-7b5f9a5bae1c', 'c23721a4-8851-4491-b756-55dc7c5ceba6', 363.49, '2024-01-08', 'Withdrawal'),
('1cec4db1-1ecb-4e98-9a3e-247a34a9f214', 'c23721a4-8851-4491-b756-55dc7c5ceba6', 840.22, '2024-02-03', 'Payment'),
('079203bf-8d98-4ff9-b2ed-847323c19ffb', 'c23721a4-8851-4491-b756-55dc7c5ceba6', -442.41, '2024-01-07', 'Cashback'),
('7b51b4ac-bde5-49f3-9b6d-e9039f50df27', 'c23721a4-8851-4491-b756-55dc7c5ceba6', -551.47, '2024-02-20', 'Withdrawal'),
('12d33f77-1979-4d04-ad92-8d0431b5af30', 'c23721a4-8851-4491-b756-55dc7c5ceba6', -559.29, '2024-02-18', 'Refund'),
('f5d25c0e-585a-44b1-b589-861587ffa89e', 'c23721a4-8851-4491-b756-55dc7c5ceba6', -998.94, '2024-02-19', 'Withdrawal'),
('f60aa17f-389c-4fc7-b6af-d5c1ef249444', 'c23721a4-8851-4491-b756-55dc7c5ceba6', 760.17, '2024-01-27', 'Transfer'),
('7efb6468-7fad-402d-b449-23f4f56883b6', 'c23721a4-8851-4491-b756-55dc7c5ceba6', 758.17, '2024-01-16', 'Transfer'),
('0025a5e6-ea5d-481f-a6c3-b01e9969883f', 'c23721a4-8851-4491-b756-55dc7c5ceba6', -95.68, '2024-01-03', 'Deposit'),
('0d359484-13e2-4ad9-9ce1-644769af9034', 'c23721a4-8851-4491-b756-55dc7c5ceba6', -945.39, '2024-01-05', 'Salary'),
('0b1f87dd-03b0-4a28-a70c-79091e324c3b', 'c23721a4-8851-4491-b756-55dc7c5ceba6', -995.33, '2024-02-27', 'Deposit'),
('0478253a-4628-4684-9631-855ea3d0e740', 'c23721a4-8851-4491-b756-55dc7c5ceba6', -383.63, '2024-01-03', 'Cashback'),
('9e7b4936-d5b1-4006-a019-b5708331c105', 'c23721a4-8851-4491-b756-55dc7c5ceba6', -520.91, '2024-01-10', 'Cashback'),
('0e624cb3-3dea-46af-9e06-5d5ea0af7ed3', 'c23721a4-8851-4491-b756-55dc7c5ceba6', 341.65, '2024-02-19', 'Refund'),
('cfbaa5cd-27d6-41f0-904e-ec314dbacf1c', '3f5b271a-186e-4f80-a5c5-d60a3885be57', -953.84, '2024-02-04', 'Transfer'),
('579afb7d-b56d-459b-9f00-bc4b90292f3d', '3f5b271a-186e-4f80-a5c5-d60a3885be57', -941.23, '2024-01-21', 'Salary'),
('aef1fee7-8ee3-4790-8680-cc37de5fc246', '3f5b271a-186e-4f80-a5c5-d60a3885be57', 205.31, '2024-02-14', 'Withdrawal'),
('60bf23af-8072-4bd6-b887-24f0e114461c', '3f5b271a-186e-4f80-a5c5-d60a3885be57', 549.52, '2024-02-18', 'Salary'),
('87839d8f-6443-4086-ab29-d199f782c319', '3f5b271a-186e-4f80-a5c5-d60a3885be57', 335.15, '2024-02-27', 'Payment'),
('0ed792c5-a8d2-413a-9392-9d70c3609e9d', '3f5b271a-186e-4f80-a5c5-d60a3885be57', -961.00, '2024-01-02', 'Deposit'),
('84b8f237-54e5-4f83-b241-891481da675f', '3f5b271a-186e-4f80-a5c5-d60a3885be57', -59.25, '2024-02-07', 'Salary'),
('e6f7de25-2d00-4c61-a017-9e2c363a5415', '3f5b271a-186e-4f80-a5c5-d60a3885be57', -711.19, '2024-01-04', 'Purchase'),
('df103597-c895-4c5a-a963-58628549e21b', '3f5b271a-186e-4f80-a5c5-d60a3885be57', 65.89, '2024-01-13', 'Cashback'),
('31f96e63-cf15-4106-ba3c-455cc5d0391a', '3f5b271a-186e-4f80-a5c5-d60a3885be57', 415.35, '2024-01-07', 'Salary'),
('d8c83b68-4667-4182-be6c-f702e1c0fd86', '3f5b271a-186e-4f80-a5c5-d60a3885be57', -473.72, '2024-02-23', 'Refund'),
('9dee5180-bba6-49ba-a1db-3027b0d0c822', '3f5b271a-186e-4f80-a5c5-d60a3885be57', 927.98, '2024-02-26', 'Withdrawal'),
('fe79f74a-c693-478e-bbfb-82b7e51d82f1', '3f5b271a-186e-4f80-a5c5-d60a3885be57', 889.62, '2024-02-08', 'Deposit'),
('9c9b22df-32ad-44fb-ada2-faae16147624', '3f5b271a-186e-4f80-a5c5-d60a3885be57', 311.19, '2024-01-26', 'Payment'),
('4ea1ffc7-01d1-4975-90ff-e045b0d534a5', '3f5b271a-186e-4f80-a5c5-d60a3885be57', -114.47, '2024-01-12', 'Withdrawal'),
('5f95f8d8-aacb-4c8e-bb84-493877c2825b', '3f5b271a-186e-4f80-a5c5-d60a3885be57', 990.25, '2024-01-29', 'Cashback'),
('0950b1f4-fa82-4f62-a4f4-695af9ee08d0', '3f5b271a-186e-4f80-a5c5-d60a3885be57', -204.90, '2024-02-23', 'Refund'),
('aa47f657-51c2-41d2-a8c2-448fa8bf1e08', '3f5b271a-186e-4f80-a5c5-d60a3885be57', 438.22, '2024-02-24', 'Salary'),
('2d8ea9a6-38d1-4260-9086-bae1e907bdce', '3f5b271a-186e-4f80-a5c5-d60a3885be57', 916.42, '2024-02-26', 'Cashback'),
('0326870b-b4bc-4e0d-9f2b-0945c024f490', '3f5b271a-186e-4f80-a5c5-d60a3885be57', 702.54, '2024-01-28', 'Withdrawal'),
('56a0d895-a7a5-4bc7-9768-a76d2d6bcdef', '3f5b271a-186e-4f80-a5c5-d60a3885be57', 831.88, '2024-01-17', 'Refund'),
('bcb97c0a-0df8-484c-aa9a-9f9d66db8cdb', '3f5b271a-186e-4f80-a5c5-d60a3885be57', 344.50, '2024-02-15', 'Deposit'),
('93897c4e-bd6c-4cf9-bd9f-78767929976a', '3f5b271a-186e-4f80-a5c5-d60a3885be57', 814.98, '2024-01-21', 'Deposit'),
('e7a0afc1-6aa8-48ca-8a95-70fd45dcba69', '3f5b271a-186e-4f80-a5c5-d60a3885be57', -673.19, '2024-01-30', 'Purchase'),
('e55eadb1-57a9-4e15-8661-fc210eebc9dc', '3f5b271a-186e-4f80-a5c5-d60a3885be57', -930.55, '2024-01-29', 'Transfer'),
('283d2d7e-4895-4f75-91cf-232fc1b2ad1d', '3f5b271a-186e-4f80-a5c5-d60a3885be57', -78.59, '2024-02-08', 'Deposit'),
('93685ca5-ea79-48c0-b4f6-5e4c61cb8a60', '3f5b271a-186e-4f80-a5c5-d60a3885be57', -855.15, '2024-01-13', 'Withdrawal'),
('7911b862-8c5b-4376-8035-9ab93487971b', '3f5b271a-186e-4f80-a5c5-d60a3885be57', -220.74, '2024-02-25', 'Deposit'),
('3b16e5d3-86a2-43f5-8c38-a602cfb9f03d', '3f5b271a-186e-4f80-a5c5-d60a3885be57', -928.18, '2024-01-27', 'Deposit'),
('db1028fd-5ebe-47ca-90b7-4d3a8c52a3e6', '3f5b271a-186e-4f80-a5c5-d60a3885be57', -329.20, '2024-02-19', 'Payment'),
('a33ca813-7ef4-438c-a5c9-0b73973e219d', '3f5b271a-186e-4f80-a5c5-d60a3885be57', 82.92, '2024-02-20', 'Refund'),
('1d03ee50-71a5-4525-b326-df7266032aac', '3f5b271a-186e-4f80-a5c5-d60a3885be57', 697.96, '2024-01-13', 'Deposit'),
('c7f0a72f-9a7f-44ea-9ea7-bd1e108b5cd3', '3f5b271a-186e-4f80-a5c5-d60a3885be57', 429.99, '2024-02-23', 'Purchase'),
('99afb3c9-84b5-4d00-802b-5946817de9d2', '3f5b271a-186e-4f80-a5c5-d60a3885be57', 681.57, '2024-02-09', 'Cashback'),
('cccae43a-3333-40d0-8c6c-a6686cb58c45', '3f5b271a-186e-4f80-a5c5-d60a3885be57', 662.71, '2024-01-27', 'Payment'),
('ffbce13d-efc4-46aa-8286-877eece1f0c7', '3f5b271a-186e-4f80-a5c5-d60a3885be57', -861.51, '2024-02-19', 'Cashback'),
('33bfb938-ed3a-46f7-b14c-ca712538c6cd', '3f5b271a-186e-4f80-a5c5-d60a3885be57', 649.40, '2024-01-30', 'Payment'),
('7e853d36-62fc-4255-b4bd-a3e80983107b', '3f5b271a-186e-4f80-a5c5-d60a3885be57', 234.82, '2024-01-16', 'Withdrawal'),
('d0c0dc65-987f-40a4-88e4-a4c6cd801c3e', '3f5b271a-186e-4f80-a5c5-d60a3885be57', 147.63, '2024-02-19', 'Refund'),
('0098340a-579d-4125-be91-968ec125dff7', '3f5b271a-186e-4f80-a5c5-d60a3885be57', -619.03, '2024-02-28', 'Refund'),
('e6a71474-1d10-449b-999e-18258e7ea8d7', '4d7b1ea9-0c28-4560-917b-bf2da37e7a09', 773.40, '2024-01-28', 'Withdrawal'),
('b5a2fd85-8617-456d-8612-c18a1888d047', '4d7b1ea9-0c28-4560-917b-bf2da37e7a09', 12.56, '2024-01-07', 'Salary'),
('7df34be3-2f56-4f3c-ae98-d1790b7982ec', '4d7b1ea9-0c28-4560-917b-bf2da37e7a09', 851.90, '2024-01-12', 'Transfer'),
('e61fca0a-e313-4c5f-96e0-3718c64cc2c7', '4d7b1ea9-0c28-4560-917b-bf2da37e7a09', -747.34, '2024-01-14', 'Purchase'),
('1561459b-f615-47f8-a42a-d99dd1640a54', '4d7b1ea9-0c28-4560-917b-bf2da37e7a09', -398.30, '2024-02-13', 'Purchase'),
('78960526-136f-4ed0-8115-14b0c236099f', '4d7b1ea9-0c28-4560-917b-bf2da37e7a09', -92.12, '2024-01-13', 'Refund'),
('053de59b-c507-4581-a9b3-e82e03e5b28b', '4d7b1ea9-0c28-4560-917b-bf2da37e7a09', 63.35, '2024-02-15', 'Payment'),
('41944236-d316-4558-a187-dd031b236364', '4d7b1ea9-0c28-4560-917b-bf2da37e7a09', -98.66, '2024-01-12', 'Transfer'),
('6359cac5-27b3-4521-9a2e-edbcb190171c', '4d7b1ea9-0c28-4560-917b-bf2da37e7a09', -976.54, '2024-02-20', 'Transfer'),
('b1fb457b-cb17-4a50-9b9a-300745d91153', '4d7b1ea9-0c28-4560-917b-bf2da37e7a09', -848.43, '2024-01-15', 'Salary'),
('8f21ad47-b68b-4010-95fa-f3bd6a7f4c3b', '4d7b1ea9-0c28-4560-917b-bf2da37e7a09', -666.09, '2024-02-28', 'Cashback'),
('d52da628-73c7-4f74-8a5f-79daca58b876', '4d7b1ea9-0c28-4560-917b-bf2da37e7a09', 903.53, '2024-01-22', 'Deposit'),
('20515814-065a-4e9c-92a2-da05cb7d4197', '4d7b1ea9-0c28-4560-917b-bf2da37e7a09', -165.29, '2024-01-24', 'Transfer'),
('73c8df7f-0a2c-4820-bd07-f9dc70763c12', '4d7b1ea9-0c28-4560-917b-bf2da37e7a09', 367.27, '2024-02-27', 'Deposit'),
('f4222cde-a404-4818-bc83-2eb4e099ab47', '4d7b1ea9-0c28-4560-917b-bf2da37e7a09', 306.20, '2024-02-25', 'Withdrawal'),
('a2d907d1-01f2-45d2-95fc-4b16fa8f0843', '4d7b1ea9-0c28-4560-917b-bf2da37e7a09', 673.07, '2024-02-04', 'Transfer'),
('64a624ab-17a1-4c52-9a57-c43878bfa4aa', '4d7b1ea9-0c28-4560-917b-bf2da37e7a09', -278.87, '2024-01-01', 'Deposit'),
('06f6c5ce-4ab5-406b-9554-d4db68b2b3c7', '4d7b1ea9-0c28-4560-917b-bf2da37e7a09', 18.34, '2024-01-31', 'Transfer'),
('1c9eccfb-9671-4b41-992c-3b48308ab41e', '4d7b1ea9-0c28-4560-917b-bf2da37e7a09', -645.17, '2024-02-24', 'Deposit'),
('21e10cdd-f29b-487d-bd2c-42a8c45be352', '4d7b1ea9-0c28-4560-917b-bf2da37e7a09', 568.26, '2024-02-15', 'Salary'),
('dfaa04ee-fe5c-4362-9a48-e0d150cf96bc', '4d7b1ea9-0c28-4560-917b-bf2da37e7a09', -97.73, '2024-01-22', 'Purchase'),
('7e01f7c2-f7cb-4cc1-a074-5985db7aa717', '4d7b1ea9-0c28-4560-917b-bf2da37e7a09', 266.83, '2024-01-24', 'Payment'),
('f9193bf3-fab3-4abd-840d-cc3a843c008c', '4d7b1ea9-0c28-4560-917b-bf2da37e7a09', -628.69, '2024-01-25', 'Payment'),
('c541bd3e-94ba-4224-8eed-9b29263ad60f', '4d7b1ea9-0c28-4560-917b-bf2da37e7a09', 301.31, '2024-01-26', 'Transfer'),
('5ab03505-bcb4-4b74-896d-49717fe850e6', '4d7b1ea9-0c28-4560-917b-bf2da37e7a09', -838.38, '2024-02-25', 'Purchase'),
('aedc54a7-962b-49e0-87aa-05bb3a6cbee0', '4d7b1ea9-0c28-4560-917b-bf2da37e7a09', 353.57, '2024-02-11', 'Refund'),
('5f56a37c-4d31-40dd-8b73-e837fd1b3ca5', '4d7b1ea9-0c28-4560-917b-bf2da37e7a09', 189.95, '2024-02-12', 'Salary'),
('c289b430-8fd7-4f72-8342-e72f58b4e52e', '4d7b1ea9-0c28-4560-917b-bf2da37e7a09', 328.21, '2024-02-22', 'Transfer'),
('91e1f67e-46f0-49c6-bfef-309d37d7c949', '4d7b1ea9-0c28-4560-917b-bf2da37e7a09', -816.55, '2024-02-23', 'Salary'),
('4fba679c-9cf1-48f5-a8d4-71de4562bd7c', '4d7b1ea9-0c28-4560-917b-bf2da37e7a09', -706.74, '2024-01-24', 'Salary');

-- Insert Operations
INSERT INTO operations (id, operation_type, status, customer_id) VALUES
('b9a76c7c-7a52-4e40-ba5e-99ba7e061e45', 'Payment', 'Completed', 'dcee1a3c-c23c-4558-b300-877eaa6681ec'),
('000c1013-f921-4a0f-ad84-f61978177c5e', 'Transfer', 'Pending', 'ce8435af-d6cc-41c9-b01b-8e55bdd56f72'),
('71a627d0-a693-41a4-803f-8440d8d1dd9e', 'Top-up', 'Failed', 'b47f21db-5254-4474-b6e7-f2c637a5bd88'),
('553d2f18-e334-40a6-8087-dcd8dcba2d42', 'Withdrawal', 'Completed', '1667b32e-2445-411f-a29e-8ff94a698745'),
('87e8287e-a873-4b66-89d9-041a107ee38b', 'Payment', 'Pending', '20298bf9-dc78-48fc-ae71-80ddda09ee25'),
('10644c43-81ce-46a7-be1a-162006db2788', 'Transfer', 'Failed', '1f3974d4-a3a8-4dc8-98a2-d40af5d99932'),
('8e143ca3-582d-4ffd-ae12-d04281ef48ca', 'Top-up', 'Completed', '8cc2593d-2531-47a7-b301-ab63f8a15982'),
('d9a3a086-7529-4175-94d2-f1d7ac481abc', 'Withdrawal', 'Pending', '10afcb57-6121-441d-be1a-a6dfa0180a21'),
('24071b58-5ac8-4f47-a356-473ff568f6f4', 'Payment', 'Failed', 'd9eddb06-1ddd-4e7c-86a9-f86a10151038'),
('a2985754-c582-49ce-b624-f43ad238e653', 'Transfer', 'Completed', '88d7b810-1c2e-4f1c-8b79-9b8fc0af921c'),
('af753dd7-0d1a-4f5c-8a18-ba90ae4e445e', 'Top-up', 'Pending', '8606ce87-3674-4c73-9719-4bb01074264a'),
('74b7b425-9f52-4507-b16f-203f852f45d5', 'Withdrawal', 'Failed', 'c23721a4-8851-4491-b756-55dc7c5ceba6'),
('2cb4b4eb-03cd-4524-9a21-8df64f6471e0', 'Payment', 'Completed', '3f5b271a-186e-4f80-a5c5-d60a3885be57'),
('03a8739c-7897-4f00-9c08-aad842dd52a8', 'Transfer', 'Pending', '4d7b1ea9-0c28-4560-917b-bf2da37e7a09');

